"Index","High","Low","Open","Close","Volume"
2014-06-03 09:35:00,100.2,99.58,99.58,100.04,293801
2014-06-03 09:40:00,100.26,100,100.01,100.24,113289
2014-06-03 09:45:00,100.28,100.16,100.2421,100.25,87282
2014-06-03 09:50:00,100.31,100.23,100.25,100.24,83751
2014-06-03 09:55:00,100.32,100.24,100.24,100.29,63584
2014-06-03 10:00:00,100.31,100.13,100.3,100.14,108963
2014-06-03 10:05:00,100.1771,100.05,100.15,100.08,105646
2014-06-03 10:10:00,100.12,100.02,100.09,100.065,94146
2014-06-03 10:15:00,100.27,100.03,100.06,100.22,148662
2014-06-03 10:20:00,100.25,100.08,100.22,100.09,59453
2014-06-03 10:25:00,100.09,100.02,100.09,100.06,57155
2014-06-03 10:30:00,100.07,99.99,100.07,100,103645
2014-06-03 10:35:00,100.01,99.95,100,100.0099,57401
2014-06-03 10:40:00,100.05,99.98,100.005,99.98,71494
2014-06-03 10:45:00,100.01,99.87,99.99,99.87,81149
2014-06-03 10:50:00,99.96,99.86,99.86,99.9333,134609
2014-06-03 10:55:00,100.03,99.93,99.93,99.97,74440
2014-06-03 11:00:00,100.02,99.95,99.97,100.02,65799
2014-06-03 11:05:00,100.09,100,100,100.0725,61837
2014-06-03 11:10:00,100.13,100.05,100.075,100.13,77896
2014-06-03 11:15:00,100.14,100.12,100.125,100.135,51161
2014-06-03 11:20:00,100.23,100.13,100.14,100.23,64547
2014-06-03 11:25:00,100.2399,100.15,100.23,100.151,128107
2014-06-03 11:30:00,100.27,100.135,100.151,100.26,42901
2014-06-03 11:35:00,100.29,100.21,100.25,100.27,50731
2014-06-03 11:40:00,100.28,100.21,100.271,100.21,52960
2014-06-03 11:45:00,100.24,100.17,100.21,100.18,66776
2014-06-03 11:50:00,100.37,100.19,100.19,100.36,118579
2014-06-03 11:55:00,100.48,100.36,100.365,100.375,176332
2014-06-03 12:00:00,100.47,100.362,100.38,100.4538,60047
2014-06-03 12:05:00,100.49,100.43,100.457,100.46,94822
2014-06-03 12:10:00,100.53,100.44,100.45,100.5241,51755
2014-06-03 12:15:00,100.52,100.44,100.52,100.5,54264
2014-06-03 12:20:00,100.51,100.4,100.495,100.43,50304
2014-06-03 12:25:00,100.46,100.425,100.425,100.44,54057
2014-06-03 12:30:00,100.44,100.335,100.435,100.395,74651
2014-06-03 12:35:00,100.43,100.39,100.395,100.43,57977
2014-06-03 12:40:00,100.45,100.4,100.42,100.405,49343
2014-06-03 12:45:00,100.445,100.4,100.41,100.445,43962
2014-06-03 12:50:00,100.46,100.41,100.44,100.44,47800
2014-06-03 12:55:00,100.45,100.415,100.44,100.43,62983
2014-06-03 13:00:00,100.49,100.4,100.4244,100.48,43008
2014-06-03 13:05:00,100.53,100.48,100.48,100.51,40347
2014-06-03 13:10:00,100.575,100.5,100.51,100.575,50164
2014-06-03 13:15:00,100.6,100.53,100.5644,100.59,50475
2014-06-03 13:20:00,100.62,100.58,100.59,100.59,56451
2014-06-03 13:25:00,100.59,100.54,100.5899,100.55,34772
2014-06-03 13:30:00,100.56,100.51,100.54,100.545,44004
2014-06-03 13:35:00,100.57,100.51,100.54,100.515,49318
2014-06-03 13:40:00,100.53,100.47,100.51,100.53,35782
2014-06-03 13:45:00,100.575,100.51,100.52,100.5622,35344
2014-06-03 13:50:00,100.63,100.56,100.5644,100.6099,46749
2014-06-03 13:55:00,100.685,100.605,100.6099,100.632,97645
2014-06-03 14:00:00,100.66,100.63,100.64,100.65,41739
2014-06-03 14:05:00,100.67,100.63,100.65,100.64,63455
2014-06-03 14:10:00,100.69,100.63,100.63,100.6798,38068
2014-06-03 14:15:00,100.68,100.49,100.68,100.55,628385
2014-06-03 14:20:00,100.57,100.5,100.55,100.52,417359
2014-06-03 14:25:00,100.57,100.53,100.54,100.55,44676
2014-06-03 14:30:00,100.555,100.51,100.55,100.54,42094
2014-06-03 14:35:00,100.54,100.49,100.54,100.493,39787
2014-06-03 14:40:00,100.51,100.47,100.5,100.49,38980
2014-06-03 14:45:00,100.55,100.48,100.49,100.515,46205
2014-06-03 14:50:00,100.525,100.43,100.52,100.43,59339
2014-06-03 14:55:00,100.485,100.385,100.43,100.455,44521
2014-06-03 15:00:00,100.46,100.44,100.46,100.45,50815
2014-06-03 15:05:00,100.46,100.395,100.45,100.45,67750
2014-06-03 15:10:00,100.48,100.43,100.455,100.47,56119
2014-06-03 15:15:00,100.515,100.46,100.48,100.494,84306
2014-06-03 15:20:00,100.515,100.44,100.5,100.455,110753
2014-06-03 15:25:00,100.46,100.44,100.46,100.45,73388
2014-06-03 15:30:00,100.51,100.45,100.45,100.46,79587
2014-06-03 15:35:00,100.48,100.44,100.46,100.465,101325
2014-06-03 15:40:00,100.47,100.34,100.46,100.37,116609
2014-06-03 15:45:00,100.42,100.35,100.375,100.42,136150
2014-06-03 15:50:00,100.42,100.345,100.42,100.37,288948
2014-06-03 15:55:00,100.39,100.34,100.37,100.38,214177
2014-06-03 16:00:00,100.39,100.32,100.38,100.38,385136
2014-06-04 09:35:00,100.28,100,100.21,100.23,156874
2014-06-04 09:40:00,100.34,100.2,100.23,100.31,117590
2014-06-04 09:45:00,100.31,100.19,100.31,100.21,65991
2014-06-04 09:50:00,100.25,100.06,100.21,100.245,84842
2014-06-04 09:55:00,100.4,100.24,100.24,100.37,45091
2014-06-04 10:00:00,100.396,100.36,100.37,100.39,46172
2014-06-04 10:05:00,100.44,100.24,100.39,100.42,115691
2014-06-04 10:10:00,100.455,100.38,100.43,100.45,67114
2014-06-04 10:15:00,100.4511,100.32,100.4511,100.43,51182
2014-06-04 10:20:00,100.44,100.36,100.43,100.38,51819
2014-06-04 10:25:00,100.4,100.28,100.38,100.281,45410
2014-06-04 10:30:00,100.33,100.27,100.28,100.29,64812
2014-06-04 10:35:00,100.36,100.25,100.28,100.34,71422
2014-06-04 10:40:00,100.39,100.33,100.35,100.37,40777
2014-06-04 10:45:00,100.38,100.285,100.3601,100.32,46706
2014-06-04 10:50:00,100.35,100.32,100.33,100.33,27767
2014-06-04 10:55:00,100.35,100.3,100.3356,100.31,53111
2014-06-04 11:00:00,100.338,100.24,100.32,100.303,38720
2014-06-04 11:05:00,100.33,100.29,100.31,100.33,62381
2014-06-04 11:10:00,100.32,100.25,100.32,100.2618,36770
2014-06-04 11:15:00,100.28,100.24,100.26,100.257,45198
2014-06-04 11:20:00,100.255,100.18,100.255,100.1958,37143
2014-06-04 11:25:00,100.31,100.19,100.19,100.3,44089
2014-06-04 11:30:00,100.31,100.21,100.29,100.243,58520
2014-06-04 11:35:00,100.245,100.14,100.245,100.18,34794
2014-06-04 11:40:00,100.22,100.15,100.19,100.155,53511
2014-06-04 11:45:00,100.18,100.12,100.15,100.125,40727
2014-06-04 11:50:00,100.14,100.09,100.13,100.11,35849
2014-06-04 11:55:00,100.11,100.05,100.1,100.0577,72412
2014-06-04 12:00:00,100.09,100.04,100.055,100.08,34425
2014-06-04 12:05:00,100.11,100.06,100.08,100.092,35871
2014-06-04 12:10:00,100.09,100.07,100.09,100.07,33172
2014-06-04 12:15:00,100.0799,100.02,100.07,100.025,30665
2014-06-04 12:20:00,100.04,100,100.02,100.01,112904
2014-06-04 12:25:00,100.02,99.96,100.01,99.97,39303
2014-06-04 12:30:00,100.04,99.98,99.98,100.021,38277
2014-06-04 12:35:00,100.13,100.02,100.02,100.12,42808
2014-06-04 12:40:00,100.16,100.1,100.12,100.157,58695
2014-06-04 12:45:00,100.21,100.16,100.16,100.1811,64662
2014-06-04 12:50:00,100.1883,100.12,100.18,100.17,27700
2014-06-04 12:55:00,100.19,100.15,100.17,100.17,32687
2014-06-04 13:00:00,100.22,100.1746,100.1746,100.19,39300
2014-06-04 13:05:00,100.22,100.12,100.185,100.13,39751
2014-06-04 13:10:00,100.16,100.12,100.121,100.16,45268
2014-06-04 13:15:00,100.2056,100.15,100.16,100.2056,36268
2014-06-04 13:20:00,100.25,100.2,100.2,100.23,51023
2014-06-04 13:25:00,100.27,100.23,100.24,100.2623,43943
2014-06-04 13:30:00,100.29,100.25,100.26,100.26,49824
2014-06-04 13:35:00,100.27,100.225,100.25,100.24,23556
2014-06-04 13:40:00,100.25,100.2,100.23,100.22,22334
2014-06-04 13:45:00,100.24,100.22,100.23,100.22,29209
2014-06-04 13:50:00,100.23,100.2,100.22,100.2193,44749
2014-06-04 13:55:00,100.24,100.2,100.22,100.23,31824
2014-06-04 14:00:00,100.28,100.2,100.22,100.26,44211
2014-06-04 14:05:00,100.27,100.2,100.26,100.2,42099
2014-06-04 14:10:00,100.21,100.16,100.2,100.17,42601
2014-06-04 14:15:00,100.22,100.11,100.1748,100.22,81823
2014-06-04 14:20:00,100.27,100.21,100.2139,100.26,37198
2014-06-04 14:25:00,100.265,100.16,100.26,100.16,54910
2014-06-04 14:30:00,100.19,100.15,100.16,100.16,43239
2014-06-04 14:35:00,100.18,100.14,100.16,100.155,75777
2014-06-04 14:40:00,100.18,100.145,100.15,100.18,45981
2014-06-04 14:45:00,100.19,100.11,100.18,100.13,51966
2014-06-04 14:50:00,100.14,100.065,100.13,100.09,48599
2014-06-04 14:55:00,100.14,100.09,100.09,100.12,45924
2014-06-04 15:00:00,100.115,100.07,100.11,100.11,41210
2014-06-04 15:05:00,100.12,100.07,100.1,100.115,47354
2014-06-04 15:10:00,100.14,100.1,100.12,100.14,64296
2014-06-04 15:15:00,100.18,100.13,100.132,100.15,74896
2014-06-04 15:20:00,100.16,100.12,100.15,100.13,58970
2014-06-04 15:25:00,100.14,100.11,100.12,100.14,55306
2014-06-04 15:30:00,100.16,100.13,100.1323,100.14,47736
2014-06-04 15:35:00,100.17,100.115,100.15,100.13,101716
2014-06-04 15:40:00,100.18,100.13,100.135,100.18,46043
2014-06-04 15:45:00,100.195,100.14,100.18,100.165,92667
2014-06-04 15:50:00,100.18,99.99,100.17,100.0626,281210
2014-06-04 15:55:00,100.07,100.02,100.07,100.06,124061
2014-06-04 16:00:00,100.08,99.96,100.06,99.97,562210
2014-06-05 09:35:00,100.3,100.05,100.1,100.26,279361
2014-06-05 09:40:00,100.484,100.26,100.26,100.31,130061
2014-06-05 09:45:00,100.67,100.31,100.34,100.63,98704
2014-06-05 09:50:00,100.635,100.45,100.63,100.48,146446
2014-06-05 09:55:00,100.5,100.24,100.48,100.25,214433
2014-06-05 10:00:00,100.4,100.17,100.24,100.3624,108053
2014-06-05 10:05:00,100.38,100.28,100.36,100.35,120417
2014-06-05 10:10:00,100.355,100.09,100.35,100.1,139404
2014-06-05 10:15:00,100.19,100,100.1,100.025,152247
2014-06-05 10:20:00,100.06,99.96,100.02,100,134954
2014-06-05 10:25:00,100.18,99.98,100,100.08,160761
2014-06-05 10:30:00,100.33,100.1,100.1,100.32,59384
2014-06-05 10:35:00,100.33,100.2,100.31,100.24,45984
2014-06-05 10:40:00,100.23,100.115,100.225,100.1473,67673
2014-06-05 10:45:00,100.4,100.11,100.15,100.368,216209
2014-06-05 10:50:00,100.41,100.318,100.36,100.4,70104
2014-06-05 10:55:00,100.45,100.34,100.39,100.44,46298
2014-06-05 11:00:00,100.53,100.37,100.432,100.5,85770
2014-06-05 11:05:00,100.49,100.37,100.49,100.45,78913
2014-06-05 11:10:00,100.475,100.36,100.4444,100.36,94211
2014-06-05 11:15:00,100.45,100.35,100.36,100.42,85721
2014-06-05 11:20:00,100.5,100.4,100.42,100.5,52002
2014-06-05 11:25:00,100.59,100.4603,100.49,100.59,51663
2014-06-05 11:30:00,100.625,100.5,100.59,100.52,77053
2014-06-05 11:35:00,100.5825,100.52,100.52,100.58,142731
2014-06-05 11:40:00,100.6,100.52,100.58,100.53,151526
2014-06-05 11:45:00,100.538,100.455,100.52,100.4556,56958
2014-06-05 11:50:00,100.625,100.45,100.46,100.6099,85589
2014-06-05 11:55:00,100.65,100.53,100.605,100.55,117654
2014-06-05 12:00:00,100.56,100.54,100.555,100.548,60874
2014-06-05 12:05:00,100.7,100.54,100.55,100.7,93949
2014-06-05 12:10:00,100.7059,100.58,100.7,100.605,90401
2014-06-05 12:15:00,100.62,100.54,100.61,100.57,63781
2014-06-05 12:20:00,100.58,100.53,100.58,100.56,146805
2014-06-05 12:25:00,100.6,100.56,100.56,100.59,54172
2014-06-05 12:30:00,100.6,100.58,100.585,100.585,42316
2014-06-05 12:35:00,100.635,100.59,100.59,100.615,32135
2014-06-05 12:40:00,100.67,100.605,100.62,100.632,41214
2014-06-05 12:45:00,100.675,100.61,100.63,100.62,57348
2014-06-05 12:50:00,100.64,100.59,100.625,100.62,34411
2014-06-05 12:55:00,100.705,100.625,100.6254,100.695,31585
2014-06-05 13:00:00,100.72,100.68,100.7,100.705,32914
2014-06-05 13:05:00,100.742,100.69,100.7,100.705,67722
2014-06-05 13:10:00,100.71,100.59,100.71,100.655,84053
2014-06-05 13:15:00,100.71,100.655,100.66,100.68,25450
2014-06-05 13:20:00,100.68,100.6,100.68,100.675,50309
2014-06-05 13:25:00,100.69,100.53,100.68,100.53,76503
2014-06-05 13:30:00,100.56,100.53,100.54,100.55,40396
2014-06-05 13:35:00,100.6,100.54,100.55,100.6,39954
2014-06-05 13:40:00,100.65,100.5953,100.6025,100.6,28505
2014-06-05 13:45:00,100.605,100.5001,100.601,100.55,48069
2014-06-05 13:50:00,100.595,100.51,100.55,100.53,30713
2014-06-05 13:55:00,100.65,100.5244,100.5244,100.65,33067
2014-06-05 14:00:00,100.7,100.63,100.65,100.68,45359
2014-06-05 14:05:00,100.69,100.6,100.68,100.66,40496
2014-06-05 14:10:00,100.68,100.595,100.66,100.6062,31571
2014-06-05 14:15:00,100.7,100.59,100.6023,100.69,69120
2014-06-05 14:20:00,100.75,100.66,100.69,100.67,89427
2014-06-05 14:25:00,100.7899,100.65,100.665,100.7899,59976
2014-06-05 14:30:00,100.78,100.71,100.78,100.73,66136
2014-06-05 14:35:00,100.76,100.705,100.73,100.75,47009
2014-06-05 14:40:00,100.775,100.74,100.75,100.755,47527
2014-06-05 14:45:00,100.83,100.75,100.755,100.82,48616
2014-06-05 14:50:00,100.8254,100.75,100.8254,100.7549,29219
2014-06-05 14:55:00,100.765,100.735,100.755,100.76,58987
2014-06-05 15:00:00,100.77,100.62,100.75,100.64,90150
2014-06-05 15:05:00,100.67,100.54,100.63,100.57,58307
2014-06-05 15:10:00,100.64,100.568,100.57,100.59,35090
2014-06-05 15:15:00,100.605,100.48,100.5949,100.5,953952
2014-06-05 15:20:00,100.568,100.49,100.5,100.568,126454
2014-06-05 15:25:00,100.595,100.522,100.57,100.525,52622
2014-06-05 15:30:00,100.55,100.49,100.52,100.52,67995
2014-06-05 15:35:00,100.56,100.47,100.52,100.54,80398
2014-06-05 15:40:00,100.57,100.46,100.54,100.5,143259
2014-06-05 15:45:00,100.52,100.435,100.49,100.51,104738
2014-06-05 15:50:00,100.54,100.47,100.505,100.49,132383
2014-06-05 15:55:00,100.565,100.46,100.49,100.56,324821
2014-06-05 16:00:00,100.62,100.45,100.56,100.51,579927
2014-06-06 09:35:00,100.93,100.6,100.61,100.74,187195
2014-06-06 09:40:00,100.96,100.65,100.7587,100.66,172838
2014-06-06 09:45:00,100.94,100.66,100.66,100.7501,223968
2014-06-06 09:50:00,100.925,100.73,100.75,100.925,72341
2014-06-06 09:55:00,100.92,100.62,100.92,100.62,138703
2014-06-06 10:00:00,100.87,100.63,100.63,100.867,117378
2014-06-06 10:05:00,100.91,100.78,100.88,100.895,119486
2014-06-06 10:10:00,101.05,100.89,100.9,100.98,109229
2014-06-06 10:15:00,101.05,100.9699,100.97,100.99,66160
2014-06-06 10:20:00,101.05,100.98,100.99,101.01,55121
2014-06-06 10:25:00,101.0812,101,101.01,101.06,52617
2014-06-06 10:30:00,101.0688,101,101.0688,101.02,54126
2014-06-06 10:35:00,101.03,101,101.028,101.01,37112
2014-06-06 10:40:00,101.13,100.99,101,101.11,67512
2014-06-06 10:45:00,101.18,101.1,101.12,101.17,51948
2014-06-06 10:50:00,101.25,101.165,101.17,101.19,71299
2014-06-06 10:55:00,101.27,101.18,101.19,101.245,66016
2014-06-06 11:00:00,101.31,101.23,101.2367,101.3,53631
2014-06-06 11:05:00,101.39,101.3,101.3,101.37,85198
2014-06-06 11:10:00,101.38,101.31,101.36,101.33,62938
2014-06-06 11:15:00,101.33,101.26,101.33,101.26,41265
2014-06-06 11:20:00,101.28,101.1,101.2633,101.1,94719
2014-06-06 11:25:00,101.1272,101.08,101.1,101.111,70270
2014-06-06 11:30:00,101.12,101.05,101.12,101.095,63204
2014-06-06 11:35:00,101.24,101.095,101.1,101.2177,53584
2014-06-06 11:40:00,101.3,101.21,101.2112,101.25,48043
2014-06-06 11:45:00,101.32,101.24,101.25,101.31,41530
2014-06-06 11:50:00,101.34,101.27,101.31,101.31,44091
2014-06-06 11:55:00,101.33,101.3,101.304,101.31,35746
2014-06-06 12:00:00,101.41,101.31,101.32,101.3923,40464
2014-06-06 12:05:00,101.45,101.38,101.395,101.43,27979
2014-06-06 12:10:00,101.43,101.33,101.43,101.34,35102
2014-06-06 12:15:00,101.38,101.28,101.35,101.29,79797
2014-06-06 12:20:00,101.42,101.285,101.29,101.42,50563
2014-06-06 12:25:00,101.43,101.4,101.42,101.41,29934
2014-06-06 12:30:00,101.447,101.401,101.41,101.43,54133
2014-06-06 12:35:00,101.42,101.4,101.42,101.4,27230
2014-06-06 12:40:00,101.44,101.4,101.4,101.4226,33864
2014-06-06 12:45:00,101.45,101.4,101.43,101.45,40611
2014-06-06 12:50:00,101.5,101.44,101.445,101.49,44527
2014-06-06 12:55:00,101.5,101.47,101.48,101.48,24200
2014-06-06 13:00:00,101.49,101.44,101.48,101.45,36793
2014-06-06 13:05:00,101.48,101.415,101.44,101.45,58285
2014-06-06 13:10:00,101.47,101.43,101.45,101.45,48898
2014-06-06 13:15:00,101.47,101.44,101.45,101.46,37319
2014-06-06 13:20:00,101.53,101.41,101.46,101.51,95702
2014-06-06 13:25:00,101.57,101.5,101.51,101.55,32367
2014-06-06 13:30:00,101.5599,101.5,101.55,101.51,47284
2014-06-06 13:35:00,101.52,101.47,101.51,101.48,59857
2014-06-06 13:40:00,101.4901,101.45,101.4801,101.46,30446
2014-06-06 13:45:00,101.51,101.44,101.45,101.49,44646
2014-06-06 13:50:00,101.56,101.49,101.5,101.55,72727
2014-06-06 13:55:00,101.57,101.53,101.56,101.552,20966
2014-06-06 14:00:00,101.56,101.49,101.551,101.51,39930
2014-06-06 14:05:00,101.54,101.49,101.505,101.53,66091
2014-06-06 14:10:00,101.58,101.53,101.54,101.57,28766
2014-06-06 14:15:00,101.61,101.56,101.57,101.6,51118
2014-06-06 14:20:00,101.61,101.585,101.6,101.59,67661
2014-06-06 14:25:00,101.63,101.56,101.58,101.56,61267
2014-06-06 14:30:00,101.57,101.51,101.56,101.52,37749
2014-06-06 14:35:00,101.54,101.5,101.525,101.51,79348
2014-06-06 14:40:00,101.53,101.42,101.5001,101.46,63413
2014-06-06 14:45:00,101.51,101.43,101.45,101.505,61397
2014-06-06 14:50:00,101.53,101.5,101.51,101.51,48120
2014-06-06 14:55:00,101.55,101.51,101.52,101.55,31374
2014-06-06 15:00:00,101.57,101.51,101.54,101.51,55874
2014-06-06 15:05:00,101.514,101.445,101.51,101.5,44829
2014-06-06 15:10:00,101.54,101.5,101.5099,101.51,49275
2014-06-06 15:15:00,101.54,101.49,101.503,101.54,49341
2014-06-06 15:20:00,101.58,101.53,101.53,101.54,41046
2014-06-06 15:25:00,101.55,101.4999,101.53,101.51,93364
2014-06-06 15:30:00,101.57,101.5,101.505,101.5,152359
2014-06-06 15:35:00,101.519,101.48,101.5,101.48,122544
2014-06-06 15:40:00,101.49,101.37,101.48,101.4,158421
2014-06-06 15:45:00,101.44,101.36,101.4,101.4,111793
2014-06-06 15:50:00,101.5,101.4,101.41,101.42,250673
2014-06-06 15:55:00,101.45,101.39,101.42,101.41,190241
2014-06-06 16:00:00,101.56,101.39,101.41,101.55,478412
2014-06-09 09:35:00,101.52,101.19,101.22,101.51,274518
2014-06-09 09:40:00,101.53,101.27,101.5,101.385,116297
2014-06-09 09:45:00,101.51,101.37,101.38,101.5044,111170
2014-06-09 09:50:00,101.55,101.47,101.51,101.51,70984
2014-06-09 09:55:00,101.52,101.46,101.51,101.51,72714
2014-06-09 10:00:00,101.61,101.488,101.5001,101.58,73458
2014-06-09 10:05:00,101.64,101.57,101.58,101.62,57642
2014-06-09 10:10:00,101.8,101.6025,101.62,101.749,62899
2014-06-09 10:15:00,101.805,101.74,101.74,101.773,57053
2014-06-09 10:20:00,101.8099,101.725,101.78,101.75,35393
2014-06-09 10:25:00,101.87,101.75,101.75,101.83,76224
2014-06-09 10:30:00,101.84,101.75,101.84,101.78,41041
2014-06-09 10:35:00,101.81,101.76,101.79,101.78,28576
2014-06-09 10:40:00,101.82,101.71,101.77,101.76,60636
2014-06-09 10:45:00,101.8099,101.75,101.76,101.78,44797
2014-06-09 10:50:00,101.79,101.75,101.79,101.76,26711
2014-06-09 10:55:00,101.83,101.75,101.75,101.79,55623
2014-06-09 11:00:00,101.86,101.78,101.79,101.82,37017
2014-06-09 11:05:00,101.85,101.79,101.82,101.7923,34368
2014-06-09 11:10:00,101.81,101.75,101.792,101.78,43805
2014-06-09 11:15:00,101.81,101.71,101.775,101.81,38994
2014-06-09 11:20:00,101.87,101.79,101.805,101.85,47673
2014-06-09 11:25:00,101.9,101.83,101.84,101.89,67915
2014-06-09 11:30:00,101.95,101.88,101.89,101.88,51696
2014-06-09 11:35:00,101.89,101.81,101.88,101.85,44175
2014-06-09 11:40:00,101.935,101.8501,101.8501,101.92,39291
2014-06-09 11:45:00,101.956,101.895,101.9227,101.92,37265
2014-06-09 11:50:00,101.96,101.91,101.92,101.95,31988
2014-06-09 11:55:00,101.96,101.865,101.955,101.865,44884
2014-06-09 12:00:00,101.88,101.83,101.862,101.83,26426
2014-06-09 12:05:00,101.83,101.8,101.83,101.81,25514
2014-06-09 12:10:00,101.85,101.78,101.81,101.7955,35143
2014-06-09 12:15:00,101.8,101.75,101.79,101.76,22049
2014-06-09 12:20:00,101.81,101.76,101.76,101.81,22134
2014-06-09 12:25:00,101.82,101.78,101.81,101.812,21323
2014-06-09 12:30:00,101.82,101.66,101.82,101.67,98073
2014-06-09 12:35:00,101.775,101.674,101.69,101.74,25730
2014-06-09 12:40:00,101.77,101.71,101.75,101.752,17773
2014-06-09 12:45:00,101.78,101.72,101.75,101.74,55221
2014-06-09 12:50:00,101.77,101.74,101.7401,101.77,29617
2014-06-09 12:55:00,101.79,101.74,101.765,101.775,16377
2014-06-09 13:00:00,101.7629,101.72,101.7629,101.76,27423
2014-06-09 13:05:00,101.775,101.74,101.75,101.77,27134
2014-06-09 13:10:00,101.77,101.74,101.7627,101.75,36819
2014-06-09 13:15:00,101.76,101.74,101.755,101.76,31197
2014-06-09 13:20:00,101.77,101.71,101.765,101.71,19378
2014-06-09 13:25:00,101.72,101.66,101.7127,101.7,36970
2014-06-09 13:30:00,101.71,101.64,101.7,101.65,23367
2014-06-09 13:35:00,101.65,101.59,101.65,101.61,25249
2014-06-09 13:40:00,101.69,101.6,101.6,101.646,38901
2014-06-09 13:45:00,101.65,101.56,101.64,101.5729,52568
2014-06-09 13:50:00,101.6,101.52,101.5799,101.59,49577
2014-06-09 13:55:00,101.62,101.59,101.595,101.615,22930
2014-06-09 14:00:00,101.63,101.605,101.62,101.62,37512
2014-06-09 14:05:00,101.62,101.57,101.62,101.59,38660
2014-06-09 14:10:00,101.6,101.52,101.59,101.536,98431
2014-06-09 14:15:00,101.5354,101.5,101.53,101.51,82042
2014-06-09 14:20:00,101.55,101.5,101.515,101.52,34208
2014-06-09 14:25:00,101.53,101.49,101.523,101.5,94773
2014-06-09 14:30:00,101.51,101.46,101.5,101.465,90106
2014-06-09 14:35:00,101.47,101.35,101.46,101.36,106759
2014-06-09 14:40:00,101.36,101.31,101.36,101.35,88083
2014-06-09 14:45:00,101.36,101.33,101.3499,101.345,64088
2014-06-09 14:50:00,101.4078,101.34,101.34,101.39,61946
2014-06-09 14:55:00,101.4,101.35,101.4,101.37,87606
2014-06-09 15:00:00,101.41,101.37,101.38,101.3856,54026
2014-06-09 15:05:00,101.43,101.37,101.39,101.41,46296
2014-06-09 15:10:00,101.44,101.4,101.41,101.42,34722
2014-06-09 15:15:00,101.46,101.41,101.42,101.44,71377
2014-06-09 15:20:00,101.46,101.39,101.44,101.393,62028
2014-06-09 15:25:00,101.405,101.37,101.4,101.392,66091
2014-06-09 15:30:00,101.45,101.35,101.39,101.37,143624
2014-06-09 15:35:00,101.395,101.34,101.37,101.37,73363
2014-06-09 15:40:00,101.4,101.355,101.37,101.4,67561
2014-06-09 15:45:00,101.45,101.39,101.4,101.41,84213
2014-06-09 15:50:00,101.48,101.41,101.42,101.42,146030
2014-06-09 15:55:00,101.44,101.37,101.41,101.41,129985
2014-06-09 16:00:00,101.52,101.415,101.42,101.52,302073
2014-06-10 09:35:00,101.73,101.37,101.48,101.37,316300
2014-06-10 09:40:00,101.41,101.15,101.41,101.15,122899
2014-06-10 09:45:00,101.23,101.08,101.14,101.13,84798
2014-06-10 09:50:00,101.31,101.13,101.13,101.21,101647
2014-06-10 09:55:00,101.21,101.07,101.205,101.15,133453
2014-06-10 10:00:00,101.15,101.05,101.15,101.08,69841
2014-06-10 10:05:00,101.23,101.085,101.09,101.15,88743
2014-06-10 10:10:00,101.18,101.12,101.16,101.1301,36666
2014-06-10 10:15:00,101.23,101.12,101.13,101.186,50508
2014-06-10 10:20:00,101.23,101.13,101.19,101.13,63535
2014-06-10 10:25:00,101.21,101.1,101.14,101.2,60370
2014-06-10 10:30:00,101.29,101.16,101.2,101.19,53034
2014-06-10 10:35:00,101.23,101.16,101.19,101.19,24844
2014-06-10 10:40:00,101.27,101.15,101.18,101.25,70914
2014-06-10 10:45:00,101.26,101.13,101.24,101.26,34421
2014-06-10 10:50:00,101.26,101.115,101.26,101.15,43140
2014-06-10 10:55:00,101.22,101.09,101.15,101.22,41847
2014-06-10 11:00:00,101.22,101.12,101.21,101.18,31577
2014-06-10 11:05:00,101.19,101.11,101.18,101.14,27521
2014-06-10 11:10:00,101.21,101.15,101.15,101.2,52717
2014-06-10 11:15:00,101.22,101.19,101.2,101.2,51855
2014-06-10 11:20:00,101.22,101.175,101.2,101.2,42947
2014-06-10 11:25:00,101.22,101.175,101.2,101.19,69893
2014-06-10 11:30:00,101.21,101.14,101.2,101.19,82619
2014-06-10 11:35:00,101.21,101.17,101.1923,101.2014,42843
2014-06-10 11:40:00,101.21,101.04,101.2,101.14,57648
2014-06-10 11:45:00,101.17,101.09,101.14,101.17,29773
2014-06-10 11:50:00,101.2,101.165,101.17,101.2,35321
2014-06-10 11:55:00,101.21,101.19,101.2,101.2,32881
2014-06-10 12:00:00,101.23,101.19,101.21,101.195,55152
2014-06-10 12:05:00,101.2204,101.19,101.1951,101.19,59458
2014-06-10 12:10:00,101.21,101.14,101.19,101.16,65278
2014-06-10 12:15:00,101.18,101.06,101.16,101.06,88073
2014-06-10 12:20:00,101.09,101.06,101.07,101.08,50574
2014-06-10 12:25:00,101.08,101.06,101.08,101.07,31687
2014-06-10 12:30:00,101.095,101.05,101.07,101.08,108124
2014-06-10 12:35:00,101.11,101.07,101.08,101.1,64509
2014-06-10 12:40:00,101.1,101.09,101.1,101.095,53977
2014-06-10 12:45:00,101.1,101.03,101.09,101.035,48130
2014-06-10 12:50:00,101.04,101,101.03,101.03,39642
2014-06-10 12:55:00,101.07,101.02,101.03,101.06,42037
2014-06-10 13:00:00,101.1,101.05,101.05,101.1,51840
2014-06-10 13:05:00,101.17,101.09,101.09,101.09,57652
2014-06-10 13:10:00,101.1,101.02,101.09,101.03,34886
2014-06-10 13:15:00,101.06,101.02,101.03,101.03,28198
2014-06-10 13:20:00,101.0399,101,101.035,101.02,45120
2014-06-10 13:25:00,101.08,101,101.02,101.075,51699
2014-06-10 13:30:00,101.1,101.05,101.08,101.0604,34966
2014-06-10 13:35:00,101.11,101.06,101.06,101.1,38218
2014-06-10 13:40:00,101.12,101.1,101.11,101.11,51558
2014-06-10 13:45:00,101.12,101.08,101.11,101.087,36770
2014-06-10 13:50:00,101.13,101.08,101.09,101.13,39151
2014-06-10 13:55:00,101.14,101.08,101.13,101.09,42597
2014-06-10 14:00:00,101.1,101.06,101.09,101.08,71523
2014-06-10 14:05:00,101.1,101.05,101.08,101.07,56945
2014-06-10 14:10:00,101.08,101.05,101.073,101.06,38852
2014-06-10 14:15:00,101.07,101.03,101.06,101.04,74177
2014-06-10 14:20:00,101.085,101.03,101.04,101.08,87647
2014-06-10 14:25:00,101.14,101.062,101.08,101.12,61665
2014-06-10 14:30:00,101.15,101.11,101.12,101.145,31891
2014-06-10 14:35:00,101.15,101.08,101.145,101.091,47040
2014-06-10 14:40:00,101.23,101.1,101.1,101.23,79593
2014-06-10 14:45:00,101.25,101.22,101.23,101.24,67374
2014-06-10 14:50:00,101.28,101.24,101.25,101.27,72171
2014-06-10 14:55:00,101.32,101.26,101.27,101.32,42576
2014-06-10 15:00:00,101.39,101.3,101.325,101.38,89792
2014-06-10 15:05:00,101.39,101.25,101.39,101.25,64985
2014-06-10 15:10:00,101.33,101.25,101.26,101.32,54748
2014-06-10 15:15:00,101.35,101.3,101.315,101.3324,40503
2014-06-10 15:20:00,101.47,101.33,101.34,101.4601,115300
2014-06-10 15:25:00,101.475,101.43,101.46,101.45,82612
2014-06-10 15:30:00,101.46,101.35,101.46,101.4,76317
2014-06-10 15:35:00,101.48,101.4,101.41,101.41,99312
2014-06-10 15:40:00,101.47,101.38,101.415,101.455,152021
2014-06-10 15:45:00,101.48,101.43,101.46,101.48,140110
2014-06-10 15:50:00,101.51,101.42,101.47,101.43,350454
2014-06-10 15:55:00,101.51,101.42,101.42,101.5,185459
2014-06-10 16:00:00,101.53,101.46,101.49,101.49,375757
2014-06-11 09:35:00,101.45,101,101.19,101.44,244162
2014-06-11 09:40:00,101.54,101.38,101.41,101.51,112370
2014-06-11 09:45:00,101.68,101.46,101.51,101.66,100355
2014-06-11 09:50:00,101.79,101.66,101.66,101.73,141240
2014-06-11 09:55:00,101.74,101.66,101.732,101.73,59504
2014-06-11 10:00:00,101.82,101.72,101.73,101.78,53798
2014-06-11 10:05:00,102.05,101.71,101.79,102.03,323367
2014-06-11 10:10:00,102.1,101.94,102.04,102.0825,94763
2014-06-11 10:15:00,102.19,102.08,102.09,102.185,107595
2014-06-11 10:20:00,102.33,102.185,102.185,102.31,140371
2014-06-11 10:25:00,102.31,102.04,102.31,102.04,140869
2014-06-11 10:30:00,102.08,101.78,102.04,101.83,115372
2014-06-11 10:35:00,101.82,101.59,101.82,101.61,110257
2014-06-11 10:40:00,101.7,101.55,101.6,101.62,121111
2014-06-11 10:45:00,101.7,101.52,101.62,101.6,67524
2014-06-11 10:50:00,101.61,101.5,101.6,101.5,108659
2014-06-11 10:55:00,101.53,101.45,101.5099,101.53,112012
2014-06-11 11:00:00,101.62,101.51,101.54,101.55,94461
2014-06-11 11:05:00,101.669,101.55,101.56,101.56,92133
2014-06-11 11:10:00,101.7,101.56,101.59,101.66,63246
2014-06-11 11:15:00,101.76,101.65,101.65,101.76,116060
2014-06-11 11:20:00,101.88,101.76,101.76,101.8701,90805
2014-06-11 11:25:00,101.88,101.79,101.86,101.83,68331
2014-06-11 11:30:00,101.97,101.8149,101.82,101.95,104950
2014-06-11 11:35:00,101.97,101.89,101.94,101.93,93551
2014-06-11 11:40:00,101.96,101.88,101.94,101.9,76918
2014-06-11 11:45:00,101.93,101.88,101.9,101.9265,72057
2014-06-11 11:50:00,101.98,101.9,101.925,101.93,44758
2014-06-11 11:55:00,101.955,101.8801,101.93,101.9,45359
2014-06-11 12:00:00,101.97,101.89,101.9,101.97,76993
2014-06-11 12:05:00,102.03,101.945,101.965,102.02,94160
2014-06-11 12:10:00,102.071,102.01,102.01,102.0527,66703
2014-06-11 12:15:00,102.07,102.01,102.06,102.07,61591
2014-06-11 12:20:00,102.12,102,102.07,102.05,94029
2014-06-11 12:25:00,102.07,102,102.05,102.0151,25269
2014-06-11 12:30:00,102.0123,101.91,102.0123,101.93,26121
2014-06-11 12:35:00,101.95,101.89,101.93,101.894,26241
2014-06-11 12:40:00,101.911,101.85,101.89,101.911,182090
2014-06-11 12:45:00,101.96,101.88,101.915,101.93,135129
2014-06-11 12:50:00,101.93,101.88,101.921,101.9,69975
2014-06-11 12:55:00,101.91,101.83,101.9,101.83,46238
2014-06-11 13:00:00,101.87,101.82,101.83,101.85,24474
2014-06-11 13:05:00,101.87,101.71,101.86,101.72,42858
2014-06-11 13:10:00,101.73,101.66,101.7222,101.69,30170
2014-06-11 13:15:00,101.72,101.66,101.7,101.68,25568
2014-06-11 13:20:00,101.68,101.633,101.67,101.655,29829
2014-06-11 13:25:00,101.66,101.62,101.65,101.64,82510
2014-06-11 13:30:00,101.69,101.62,101.64,101.69,58938
2014-06-11 13:35:00,101.76,101.68,101.6847,101.75,66082
2014-06-11 13:40:00,101.76,101.72,101.75,101.75,38672
2014-06-11 13:45:00,101.76,101.72,101.74,101.75,68954
2014-06-11 13:50:00,101.82,101.74,101.7549,101.74,57604
2014-06-11 13:55:00,101.74,101.68,101.74,101.7103,45738
2014-06-11 14:00:00,101.72,101.67,101.71,101.69,41276
2014-06-11 14:05:00,101.695,101.64,101.691,101.655,57705
2014-06-11 14:10:00,101.74,101.65,101.65,101.73,88195
2014-06-11 14:15:00,101.78,101.725,101.735,101.76,85902
2014-06-11 14:20:00,101.82,101.76,101.76,101.785,64330
2014-06-11 14:25:00,101.81,101.77,101.78,101.775,66902
2014-06-11 14:30:00,101.85,101.775,101.775,101.84,48048
2014-06-11 14:35:00,101.84,101.79,101.835,101.8,104051
2014-06-11 14:40:00,101.85,101.8,101.805,101.84,54956
2014-06-11 14:45:00,101.84,101.83,101.835,101.835,44742
2014-06-11 14:50:00,101.94,101.83,101.835,101.925,95853
2014-06-11 14:55:00,101.95,101.92,101.93,101.95,50636
2014-06-11 15:00:00,101.95,101.92,101.945,101.94,72006
2014-06-11 15:05:00,101.95,101.905,101.935,101.91,106687
2014-06-11 15:10:00,101.915,101.86,101.91,101.9,62932
2014-06-11 15:15:00,101.92,101.88,101.9,101.91,90847
2014-06-11 15:20:00,101.92,101.9,101.91,101.9,55869
2014-06-11 15:25:00,101.94,101.9,101.9,101.935,62011
2014-06-11 15:30:00,102,101.93,101.94,102,112492
2014-06-11 15:35:00,102.06,101.995,102,102.02,129945
2014-06-11 15:40:00,102.06,102.01,102.02,102.045,112493
2014-06-11 15:45:00,102.11,102.04,102.04,102.11,142704
2014-06-11 15:50:00,102.15,102.09,102.11,102.12,316928
2014-06-11 15:55:00,102.13,102,102.12,102,351278
2014-06-11 16:00:00,102,101.85,102,101.97,509379
2014-06-12 09:35:00,102.86,102.45,102.67,102.85,369942
2014-06-12 09:40:00,102.945,102.7,102.86,102.7,497492
2014-06-12 09:45:00,102.77,102.56,102.71,102.569,104754
2014-06-12 09:50:00,102.67,102.54,102.58,102.56,64578
2014-06-12 09:55:00,102.55,102.47,102.55,102.52,70399
2014-06-12 10:00:00,102.68,102.525,102.525,102.64,91082
2014-06-12 10:05:00,102.7199,102.52,102.63,102.52,119659
2014-06-12 10:10:00,102.54,102.37,102.53,102.425,69838
2014-06-12 10:15:00,102.6,102.43,102.43,102.54,70566
2014-06-12 10:20:00,102.58,102.45,102.5253,102.565,100976
2014-06-12 10:25:00,102.64,102.56,102.566,102.62,50880
2014-06-12 10:30:00,102.64,102.56,102.63,102.6,71751
2014-06-12 10:35:00,102.69,102.6,102.6,102.68,52755
2014-06-12 10:40:00,102.68,102.62,102.68,102.675,112742
2014-06-12 10:45:00,102.74,102.65,102.68,102.68,94991
2014-06-12 10:50:00,102.69,102.58,102.6875,102.615,60896
2014-06-12 10:55:00,102.69,102.605,102.62,102.605,52510
2014-06-12 11:00:00,102.65,102.57,102.61,102.64,100797
2014-06-12 11:05:00,102.65,102.59,102.65,102.635,52927
2014-06-12 11:10:00,102.64,102.5485,102.635,102.56,90922
2014-06-12 11:15:00,102.64,102.544,102.555,102.64,47993
2014-06-12 11:20:00,102.65,102.59,102.64,102.6,66254
2014-06-12 11:25:00,102.61,102.54,102.61,102.57,83948
2014-06-12 11:30:00,102.61,102.55,102.57,102.55,51982
2014-06-12 11:35:00,102.55,102.38,102.54,102.41,73711
2014-06-12 11:40:00,102.41,102.18,102.41,102.19,132927
2014-06-12 11:45:00,102.28,102.15,102.18,102.22,102395
2014-06-12 11:50:00,102.28,102.11,102.225,102.14,101080
2014-06-12 11:55:00,102.13,101.995,102.13,102,104432
2014-06-12 12:00:00,102.04,101.99,102,102,92031
2014-06-12 12:05:00,102.05,101.91,102,101.925,127535
2014-06-12 12:10:00,102.1,101.92,101.93,102.08,69887
2014-06-12 12:15:00,102.21,102.07,102.08,102.185,64615
2014-06-12 12:20:00,102.27,102.155,102.185,102.24,57227
2014-06-12 12:25:00,102.37,102.25,102.25,102.36,45730
2014-06-12 12:30:00,102.47,102.36,102.37,102.42,67838
2014-06-12 12:35:00,102.47,102.4,102.42,102.47,74714
2014-06-12 12:40:00,102.5,102.445,102.46,102.47,55322
2014-06-12 12:45:00,102.48,102.3601,102.47,102.37,87844
2014-06-12 12:50:00,102.39,102.315,102.38,102.37,53739
2014-06-12 12:55:00,102.38,102.25,102.37,102.31,96728
2014-06-12 13:00:00,102.33,102.24,102.305,102.29,59025
2014-06-12 13:05:00,102.34,102.24,102.3,102.29,68466
2014-06-12 13:10:00,102.31,102.22,102.31,102.26,45961
2014-06-12 13:15:00,102.29,102.16,102.2538,102.2,53994
2014-06-12 13:20:00,102.24,102.11,102.19,102.12,66237
2014-06-12 13:25:00,102.17,102.08,102.12,102.0979,78236
2014-06-12 13:30:00,102.1,102.02,102.1,102.02,73752
2014-06-12 13:35:00,102.025,101.98,102.02,102,91375
2014-06-12 13:40:00,102.02,101.9,101.99,101.95,71210
2014-06-12 13:45:00,101.99,101.93,101.9598,101.935,162095
2014-06-12 13:50:00,101.939,101.835,101.935,101.865,104779
2014-06-12 13:55:00,101.9,101.78,101.87,101.78,120940
2014-06-12 14:00:00,101.89,101.7826,101.79,101.88,99240
2014-06-12 14:05:00,101.9195,101.82,101.88,101.915,96413
2014-06-12 14:10:00,101.91,101.85,101.91,101.85,77090
2014-06-12 14:15:00,101.93,101.83,101.86,101.925,66393
2014-06-12 14:20:00,101.96,101.89,101.925,101.96,69091
2014-06-12 14:25:00,101.97,101.92,101.97,101.95,95750
2014-06-12 14:30:00,101.98,101.93,101.95,101.98,78175
2014-06-12 14:35:00,102.07,101.96,101.98,102.01,105516
2014-06-12 14:40:00,102.04,101.915,102.01,101.93,198151
2014-06-12 14:45:00,101.93,101.83,101.925,101.85,148991
2014-06-12 14:50:00,101.85,101.795,101.85,101.82,75171
2014-06-12 14:55:00,101.85,101.8,101.81,101.8,61315
2014-06-12 15:00:00,101.81,101.765,101.805,101.7844,91287
2014-06-12 15:05:00,101.8,101.74,101.79,101.74,123153
2014-06-12 15:10:00,101.75,101.7,101.74,101.73,80040
2014-06-12 15:15:00,101.73,101.6,101.73,101.625,155111
2014-06-12 15:20:00,101.7,101.62,101.62,101.68,104598
2014-06-12 15:25:00,101.78,101.67,101.688,101.71,132018
2014-06-12 15:30:00,101.75,101.69,101.71,101.75,181565
2014-06-12 15:35:00,101.8,101.73,101.75,101.76,150952
2014-06-12 15:40:00,101.77,101.62,101.76,101.63,197897
2014-06-12 15:45:00,101.64,101.57,101.64,101.6301,259116
2014-06-12 15:50:00,101.72,101.63,101.63,101.65,339950
2014-06-12 15:55:00,101.74,101.64,101.65,101.7,254944
2014-06-12 16:00:00,101.78,101.64,101.7,101.66,678521
2014-06-13 09:35:00,101.96,101.63,101.86,101.69,152306
2014-06-13 09:40:00,101.78,101.66,101.74,101.73,50796
2014-06-13 09:45:00,101.98,101.75,101.76,101.86,105524
2014-06-13 09:50:00,101.98,101.78,101.85,101.8,155824
2014-06-13 09:55:00,101.88,101.78,101.8,101.84,62247
2014-06-13 10:00:00,101.88,101.73,101.83,101.75,91136
2014-06-13 10:05:00,101.79,101.66,101.73,101.685,76346
2014-06-13 10:10:00,101.79,101.66,101.689,101.66,76812
2014-06-13 10:15:00,101.7259,101.63,101.66,101.665,62988
2014-06-13 10:20:00,101.89,101.65,101.67,101.885,77407
2014-06-13 10:25:00,102.02,101.81,101.9,102.01,131413
2014-06-13 10:30:00,102.0899,101.97,102.01,102.08,95798
2014-06-13 10:35:00,102.15,101.98,102.0801,102.15,51471
2014-06-13 10:40:00,102.19,102.11,102.145,102.175,50797
2014-06-13 10:45:00,102.19,102.14,102.17,102.18,63161
2014-06-13 10:50:00,102.22,102.14,102.18,102.22,74259
2014-06-13 10:55:00,102.29,102.18,102.22,102.2041,53507
2014-06-13 11:00:00,102.22,102.13,102.2,102.22,51902
2014-06-13 11:05:00,102.25,102.17,102.23,102.235,35234
2014-06-13 11:10:00,102.34,102.245,102.245,102.34,73660
2014-06-13 11:15:00,102.37,102.314,102.34,102.35,69434
2014-06-13 11:20:00,102.44,102.34,102.34,102.44,58870
2014-06-13 11:25:00,102.57,102.44,102.44,102.57,80989
2014-06-13 11:30:00,102.57,102.46,102.56,102.56,102699
2014-06-13 11:35:00,102.6125,102.51,102.56,102.52,93427
2014-06-13 11:40:00,102.57,102.5,102.52,102.545,62752
2014-06-13 11:45:00,102.5899,102.52,102.54,102.58,47740
2014-06-13 11:50:00,102.6,102.53,102.585,102.55,51443
2014-06-13 11:55:00,102.6,102.52,102.56,102.56,59653
2014-06-13 12:00:00,102.565,102.52,102.55,102.56,50051
2014-06-13 12:05:00,102.58,102.54,102.56,102.56,44454
2014-06-13 12:10:00,102.6551,102.54,102.56,102.6,71544
2014-06-13 12:15:00,102.61,102.52,102.6,102.5823,47138
2014-06-13 12:20:00,102.6,102.53,102.58,102.58,75444
2014-06-13 12:25:00,102.59,102.5533,102.5831,102.56,29925
2014-06-13 12:30:00,102.5725,102.43,102.57,102.46,71898
2014-06-13 12:35:00,102.4767,102.43,102.47,102.46,39841
2014-06-13 12:40:00,102.46,102.385,102.44,102.46,56598
2014-06-13 12:45:00,102.46,102.39,102.46,102.409,78669
2014-06-13 12:50:00,102.43,102.32,102.4065,102.33,78968
2014-06-13 12:55:00,102.37,102.33,102.33,102.35,84920
2014-06-13 13:00:00,102.39,102.35,102.35,102.38,39610
2014-06-13 13:05:00,102.45,102.37,102.38,102.4125,34959
2014-06-13 13:10:00,102.42,102.37,102.41,102.4,43725
2014-06-13 13:15:00,102.4,102.32,102.39,102.3499,57630
2014-06-13 13:20:00,102.35,102.32,102.34,102.34,42845
2014-06-13 13:25:00,102.35,102.295,102.33,102.3,74134
2014-06-13 13:30:00,102.34,102.3,102.3056,102.34,37498
2014-06-13 13:35:00,102.336,102.29,102.33,102.29,64131
2014-06-13 13:40:00,102.2999,102.275,102.29,102.29,42045
2014-06-13 13:45:00,102.33,102.28,102.29,102.3,70901
2014-06-13 13:50:00,102.31,102.25,102.305,102.255,45909
2014-06-13 13:55:00,102.27,102.2,102.25,102.2,47490
2014-06-13 14:00:00,102.21,102.13,102.2,102.133,43898
2014-06-13 14:05:00,102.17,102.12,102.1399,102.13,58430
2014-06-13 14:10:00,102.13,102.08,102.125,102.09,36261
2014-06-13 14:15:00,102.09,102.03,102.09,102.07,40071
2014-06-13 14:20:00,102.2,102.0599,102.06,102.19,46336
2014-06-13 14:25:00,102.27,102.19,102.19,102.24,34675
2014-06-13 14:30:00,102.27,102.22,102.2415,102.23,46044
2014-06-13 14:35:00,102.24,102.145,102.23,102.15,47065
2014-06-13 14:40:00,102.17,102.14,102.151,102.15,46637
2014-06-13 14:45:00,102.23,102.15,102.1535,102.23,159574
2014-06-13 14:50:00,102.25,102.21,102.23,102.25,45568
2014-06-13 14:55:00,102.255,102.22,102.24,102.25,70883
2014-06-13 15:00:00,102.25,102.22,102.25,102.2438,67425
2014-06-13 15:05:00,102.25,102.22,102.25,102.23,69990
2014-06-13 15:10:00,102.365,102.24,102.24,102.36,80652
2014-06-13 15:15:00,102.38,102.33,102.3501,102.37,61217
2014-06-13 15:20:00,102.41,102.265,102.37,102.27,82379
2014-06-13 15:25:00,102.28,102.18,102.27,102.18,91777
2014-06-13 15:30:00,102.25,102.17,102.1856,102.22,100909
2014-06-13 15:35:00,102.225,102.15,102.21,102.18,71962
2014-06-13 15:40:00,102.31,102.18,102.185,102.29,89104
2014-06-13 15:45:00,102.33,102.18,102.29,102.19,133040
2014-06-13 15:50:00,102.295,102.15,102.19,102.27,140762
2014-06-13 15:55:00,102.46,102.26,102.27,102.44,243713
2014-06-13 16:00:00,102.64,102.44,102.44,102.6,603277
2014-06-16 09:35:00,102.62,102.17,102.57,102.37,212384
2014-06-16 09:40:00,102.74,102.37,102.37,102.7,205988
2014-06-16 09:45:00,102.88,102.72,102.72,102.86,120115
2014-06-16 09:50:00,103.1,102.82,102.87,103.06,301515
2014-06-16 09:55:00,103.13,102.88,103.06,102.88,132517
2014-06-16 10:00:00,102.96,102.83,102.88,102.84,66843
2014-06-16 10:05:00,103,102.795,102.85,103,95290
2014-06-16 10:10:00,103.07,102.993,103,103.07,55458
2014-06-16 10:15:00,103.12,103,103.07,103.005,75447
2014-06-16 10:20:00,103.08,102.945,103,103.06,69402
2014-06-16 10:25:00,103.15,103.06,103.07,103.149,51841
2014-06-16 10:30:00,103.22,103.14,103.14,103.2,76509
2014-06-16 10:35:00,103.2,103.1,103.2,103.14,47378
2014-06-16 10:40:00,103.15,102.99,103.15,103.05,48803
2014-06-16 10:45:00,103.0949,103.01,103.04,103.08,46253
2014-06-16 10:50:00,103.12,102.95,103.09,103.016,49841
2014-06-16 10:55:00,103.15,103.01,103.02,103.09,69881
2014-06-16 11:00:00,103.19,103.0925,103.0925,103.18,51841
2014-06-16 11:05:00,103.25,103.17,103.19,103.22,69888
2014-06-16 11:10:00,103.215,102.96,103.21,103.03,112305
2014-06-16 11:15:00,103.02,102.93,103.02,103.015,64431
2014-06-16 11:20:00,103.03,102.95,103.01,102.955,72910
2014-06-16 11:25:00,103.03,102.94,102.95,103.01,41409
2014-06-16 11:30:00,103.02,102.86,103.017,102.89,70486
2014-06-16 11:35:00,102.89,102.82,102.89,102.85,90044
2014-06-16 11:40:00,102.86,102.78,102.855,102.83,103015
2014-06-16 11:45:00,102.83,102.74,102.82,102.745,128064
2014-06-16 11:50:00,102.85,102.74,102.745,102.84,63947
2014-06-16 11:55:00,102.85,102.8,102.845,102.82,52210
2014-06-16 12:00:00,102.84,102.78,102.82,102.7827,47030
2014-06-16 12:05:00,102.81,102.765,102.78,102.791,33944
2014-06-16 12:10:00,102.83,102.77,102.8,102.79,53794
2014-06-16 12:15:00,102.9,102.785,102.79,102.846,128898
2014-06-16 12:20:00,102.93,102.84,102.84,102.88,81209
2014-06-16 12:25:00,102.96,102.86,102.8701,102.93,49082
2014-06-16 12:30:00,102.9599,102.88,102.94,102.89,111510
2014-06-16 12:35:00,102.93,102.88,102.9,102.901,32931
2014-06-16 12:40:00,102.91,102.85,102.907,102.87,36446
2014-06-16 12:45:00,102.9,102.84,102.86,102.8833,20952
2014-06-16 12:50:00,102.89,102.86,102.885,102.875,36640
2014-06-16 12:55:00,102.875,102.79,102.87,102.81,59428
2014-06-16 13:00:00,102.89,102.8,102.81,102.89,33234
2014-06-16 13:05:00,102.92,102.86,102.89,102.92,37196
2014-06-16 13:10:00,103.03,102.91,102.91,103.01,86917
2014-06-16 13:15:00,103.07,103,103.01,103.02,32780
2014-06-16 13:20:00,103.08,103.01,103.03,103.01,61246
2014-06-16 13:25:00,103.08,103,103.02,103.04,47812
2014-06-16 13:30:00,103.12,103.04,103.04,103.11,49876
2014-06-16 13:35:00,103.19,103.11,103.11,103.16,48524
2014-06-16 13:40:00,103.21,103.12,103.16,103.13,71680
2014-06-16 13:45:00,103.14,103.07,103.1208,103.14,51138
2014-06-16 13:50:00,103.14,103.075,103.135,103.075,71307
2014-06-16 13:55:00,103.08,102.95,103.07,102.9501,55715
2014-06-16 14:00:00,103.02,102.95,102.96,103,103353
2014-06-16 14:05:00,103.085,102.99,102.9902,103.06,63201
2014-06-16 14:10:00,103.065,102.97,103.06,102.98,67012
2014-06-16 14:15:00,103.015,102.9501,102.99,102.9501,74910
2014-06-16 14:20:00,102.99,102.9,102.9564,102.9,31838
2014-06-16 14:25:00,102.99,102.9,102.9054,102.9569,42878
2014-06-16 14:30:00,102.985,102.92,102.95,102.97,49339
2014-06-16 14:35:00,103.02,102.95,102.97,102.953,79221
2014-06-16 14:40:00,102.98,102.93,102.95,102.95,50124
2014-06-16 14:45:00,102.955,102.91,102.955,102.94,25739
2014-06-16 14:50:00,103.07,102.94,102.94,103.05,54645
2014-06-16 14:55:00,103.05,102.949,103.05,102.97,32779
2014-06-16 15:00:00,102.97,102.91,102.97,102.96,58498
2014-06-16 15:05:00,102.95,102.82,102.95,102.82,83241
2014-06-16 15:10:00,102.845,102.8,102.8227,102.8,65541
2014-06-16 15:15:00,102.86,102.77,102.805,102.79,75539
2014-06-16 15:20:00,102.787,102.68,102.782,102.7727,73887
2014-06-16 15:25:00,102.84,102.75,102.77,102.77,79432
2014-06-16 15:30:00,102.785,102.75,102.77,102.75,81972
2014-06-16 15:35:00,102.82,102.74,102.76,102.8101,79839
2014-06-16 15:40:00,102.87,102.81,102.81,102.86,95701
2014-06-16 15:45:00,102.87,102.83,102.85,102.86,132401
2014-06-16 15:50:00,102.93,102.86,102.865,102.8979,194434
2014-06-16 15:55:00,102.905,102.86,102.9,102.8656,220887
2014-06-16 16:00:00,102.93,102.78,102.865,102.9,468689
2014-06-17 09:35:00,102.59,102.11,102.58,102.13,229165
2014-06-17 09:40:00,102.38,102.04,102.13,102.27,119116
2014-06-17 09:45:00,102.32,102.2,102.27,102.25,113123
2014-06-17 09:50:00,102.29,102.1,102.24,102.1001,109067
2014-06-17 09:55:00,102.24,102.07,102.11,102.07,74661
2014-06-17 10:00:00,102.12,102.06,102.09,102.065,61593
2014-06-17 10:05:00,102.08,102.02,102.07,102.053,120212
2014-06-17 10:10:00,102.1,101.96,102.06,102.1,140856
2014-06-17 10:15:00,102.22,102.05,102.1,102.051,78631
2014-06-17 10:20:00,102.09,102.05,102.06,102.07,52593
2014-06-17 10:25:00,102.09,102.02,102.08,102.035,51691
2014-06-17 10:30:00,102.06,101.95,102.04,101.95,71199
2014-06-17 10:35:00,101.96,101.74,101.95,101.83,115262
2014-06-17 10:40:00,101.85,101.79,101.825,101.84,77459
2014-06-17 10:45:00,102.03,101.84,101.841,102.01,134670
2014-06-17 10:50:00,102.03,101.87,102.02,101.89,49844
2014-06-17 10:55:00,101.89,101.73,101.89,101.74,68274
2014-06-17 11:00:00,101.7825,101.68,101.73,101.68,89175
2014-06-17 11:05:00,101.74,101.68,101.69,101.72,72060
2014-06-17 11:10:00,101.72,101.55,101.72,101.62,123725
2014-06-17 11:15:00,101.75,101.63,101.635,101.64,83306
2014-06-17 11:20:00,101.64,101.54,101.64,101.545,72697
2014-06-17 11:25:00,101.58,101.47,101.545,101.474,144135
2014-06-17 11:30:00,101.55,101.45,101.475,101.52,83687
2014-06-17 11:35:00,101.59,101.51,101.52,101.59,52984
2014-06-17 11:40:00,101.66,101.6,101.6,101.66,49075
2014-06-17 11:45:00,101.685,101.54,101.66,101.54,51636
2014-06-17 11:50:00,101.57,101.515,101.55,101.545,89460
2014-06-17 11:55:00,101.59,101.53,101.5477,101.53,38041
2014-06-17 12:00:00,101.55,101.5,101.53,101.53,44853
2014-06-17 12:05:00,101.6,101.51,101.52,101.6,49394
2014-06-17 12:10:00,101.64,101.58,101.6,101.635,37607
2014-06-17 12:15:00,101.68,101.63,101.639,101.65,54346
2014-06-17 12:20:00,101.66,101.53,101.6436,101.56,44892
2014-06-17 12:25:00,101.58,101.52,101.55,101.56,73746
2014-06-17 12:30:00,101.57,101.53,101.56,101.54,36573
2014-06-17 12:35:00,101.64,101.53,101.54,101.63,31118
2014-06-17 12:40:00,101.7,101.63,101.64,101.68,57465
2014-06-17 12:45:00,101.8012,101.695,101.7,101.79,54051
2014-06-17 12:50:00,101.8456,101.79,101.7901,101.81,84209
2014-06-17 12:55:00,101.81,101.75,101.8,101.81,37026
2014-06-17 13:00:00,101.84,101.8,101.8,101.83,42709
2014-06-17 13:05:00,101.84,101.74,101.825,101.7625,66123
2014-06-17 13:10:00,101.765,101.64,101.7601,101.64,99395
2014-06-17 13:15:00,101.71,101.611,101.63,101.685,45214
2014-06-17 13:20:00,101.72,101.65,101.69,101.695,74701
2014-06-17 13:25:00,101.7,101.65,101.69,101.65,39466
2014-06-17 13:30:00,101.6599,101.58,101.6501,101.615,82557
2014-06-17 13:35:00,101.71,101.62,101.62,101.672,96341
2014-06-17 13:40:00,101.69,101.61,101.68,101.62,44996
2014-06-17 13:45:00,101.7,101.611,101.62,101.695,54074
2014-06-17 13:50:00,101.76,101.67,101.7,101.7,71514
2014-06-17 13:55:00,101.74,101.7,101.7075,101.72,44963
2014-06-17 14:00:00,101.78,101.72,101.72,101.765,55137
2014-06-17 14:05:00,101.77,101.67,101.77,101.67,77309
2014-06-17 14:10:00,101.705,101.66,101.6777,101.665,124625
2014-06-17 14:15:00,101.74,101.66,101.66,101.69,131815
2014-06-17 14:20:00,101.76,101.69,101.7,101.715,121012
2014-06-17 14:25:00,101.76,101.69,101.713,101.71,111039
2014-06-17 14:30:00,101.75,101.71,101.715,101.725,90539
2014-06-17 14:35:00,101.77,101.72,101.73,101.76,52800
2014-06-17 14:40:00,101.768,101.7,101.768,101.71,76459
2014-06-17 14:45:00,101.72,101.7,101.7,101.7,46610
2014-06-17 14:50:00,101.78,101.7076,101.7076,101.7599,85366
2014-06-17 14:55:00,101.8101,101.75,101.76,101.81,66425
2014-06-17 15:00:00,101.84,101.77,101.81,101.84,75833
2014-06-17 15:05:00,101.86,101.82,101.84,101.82,56497
2014-06-17 15:10:00,101.865,101.795,101.82,101.85,169860
2014-06-17 15:15:00,101.85,101.78,101.85,101.83,55773
2014-06-17 15:20:00,101.8399,101.77,101.825,101.81,61830
2014-06-17 15:25:00,101.91,101.8,101.807,101.87,99122
2014-06-17 15:30:00,102.02,101.87,101.874,102.01,136442
2014-06-17 15:35:00,102.145,101.97,102.02,102.14,149256
2014-06-17 15:40:00,102.2,102.09,102.14,102.16,163271
2014-06-17 15:45:00,102.32,102.15,102.16,102.3,197641
2014-06-17 15:50:00,102.32,102.23,102.3,102.3125,306860
2014-06-17 15:55:00,102.32,102.16,102.31,102.23,395620
2014-06-17 16:00:00,102.44,102.19,102.24,102.42,626827
2014-06-18 09:35:00,102.7,102.15,102.57,102.32,241826
2014-06-18 09:40:00,102.78,102.32,102.35,102.57,136078
2014-06-18 09:45:00,102.76,102.46,102.57,102.61,124243
2014-06-18 09:50:00,102.79,102.47,102.61,102.65,155272
2014-06-18 09:55:00,102.84,102.64,102.65,102.8199,59131
2014-06-18 10:00:00,102.95,102.8,102.8049,102.89,128448
2014-06-18 10:05:00,102.91,102.68,102.88,102.69,98372
2014-06-18 10:10:00,102.73,102.59,102.7,102.63,71606
2014-06-18 10:15:00,102.73,102.57,102.63,102.67,96221
2014-06-18 10:20:00,102.77,102.6,102.67,102.6,92012
2014-06-18 10:25:00,102.6056,102.43,102.6,102.46,76481
2014-06-18 10:30:00,102.5,102.395,102.46,102.42,60688
2014-06-18 10:35:00,102.43,102.35,102.41,102.405,133082
2014-06-18 10:40:00,102.43,102.29,102.4,102.382,167603
2014-06-18 10:45:00,102.45,102.35,102.38,102.39,80050
2014-06-18 10:50:00,102.47,102.39,102.3964,102.427,80793
2014-06-18 10:55:00,102.45,102.37,102.43,102.45,68799
2014-06-18 11:00:00,102.47,102.29,102.45,102.29,132649
2014-06-18 11:05:00,102.2948,102.22,102.29,102.22,91082
2014-06-18 11:10:00,102.23,102.15,102.22,102.16,65451
2014-06-18 11:15:00,102.26,102.14,102.17,102.26,91399
2014-06-18 11:20:00,102.37,102.265,102.27,102.34,40749
2014-06-18 11:25:00,102.36,102.27,102.35,102.298,41094
2014-06-18 11:30:00,102.46,102.29,102.29,102.42,44842
2014-06-18 11:35:00,102.43,102.365,102.42,102.39,34425
2014-06-18 11:40:00,102.4,102.3,102.39,102.315,47796
2014-06-18 11:45:00,102.44,102.31,102.31,102.43,31314
2014-06-18 11:50:00,102.44,102.34,102.42,102.36,38276
2014-06-18 11:55:00,102.41,102.3501,102.36,102.4,56268
2014-06-18 12:00:00,102.42,102.3921,102.4,102.411,35351
2014-06-18 12:05:00,102.43,102.305,102.41,102.305,38031
2014-06-18 12:10:00,102.32,102.2899,102.307,102.32,67331
2014-06-18 12:15:00,102.37,102.31,102.32,102.34,46698
2014-06-18 12:20:00,102.45,102.34,102.3464,102.45,57883
2014-06-18 12:25:00,102.49,102.41,102.4425,102.49,94150
2014-06-18 12:30:00,102.5,102.4,102.49,102.41,65662
2014-06-18 12:35:00,102.44,102.4,102.41,102.42,49123
2014-06-18 12:40:00,102.5,102.4,102.41,102.4901,38942
2014-06-18 12:45:00,102.5,102.43,102.495,102.44,62095
2014-06-18 12:50:00,102.6,102.44,102.45,102.593,66888
2014-06-18 12:55:00,102.6,102.53,102.59,102.575,64552
2014-06-18 13:00:00,102.61,102.55,102.57,102.58,58207
2014-06-18 13:05:00,102.585,102.48,102.571,102.53,73841
2014-06-18 13:10:00,102.56,102.46,102.53,102.465,51789
2014-06-18 13:15:00,102.48,102.36,102.47,102.36,73880
2014-06-18 13:20:00,102.41,102.35,102.37,102.35,33913
2014-06-18 13:25:00,102.47,102.34,102.35,102.46,39375
2014-06-18 13:30:00,102.455,102.33,102.455,102.33,44373
2014-06-18 13:35:00,102.38,102.27,102.33,102.36,60297
2014-06-18 13:40:00,102.37,102.28,102.36,102.29,45379
2014-06-18 13:45:00,102.36,102.27,102.3,102.33,68936
2014-06-18 13:50:00,102.4,102.31,102.33,102.4,60898
2014-06-18 13:55:00,102.448,102.35,102.39,102.44,40653
2014-06-18 14:00:00,102.45,102.29,102.44,102.32,78803
2014-06-18 14:05:00,102.55,102.19,102.32,102.36,314209
2014-06-18 14:10:00,102.36,102.06,102.35,102.25,105635
2014-06-18 14:15:00,102.41,102.25,102.25,102.39,108272
2014-06-18 14:20:00,102.4699,102.345,102.4,102.3924,92875
2014-06-18 14:25:00,102.56,102.395,102.4,102.47,126565
2014-06-18 14:30:00,102.55,102.46,102.47,102.51,67150
2014-06-18 14:35:00,102.66,102.5,102.5,102.59,107834
2014-06-18 14:40:00,102.65,102.57,102.59,102.6,65933
2014-06-18 14:45:00,102.6,102.45,102.6,102.4903,88851
2014-06-18 14:50:00,102.49,102.39,102.48,102.43,64013
2014-06-18 14:55:00,102.62,102.4,102.43,102.593,98027
2014-06-18 15:00:00,102.66,102.51,102.59,102.58,95427
2014-06-18 15:05:00,102.64,102.55,102.59,102.59,229428
2014-06-18 15:10:00,102.74,102.58,102.59,102.68,121536
2014-06-18 15:15:00,102.74,102.66,102.68,102.675,82823
2014-06-18 15:20:00,102.74,102.57,102.67,102.68,170728
2014-06-18 15:25:00,102.7299,102.66,102.69,102.69,87237
2014-06-18 15:30:00,102.74,102.58,102.68,102.72,130866
2014-06-18 15:35:00,102.75,102.67,102.72,102.73,178178
2014-06-18 15:40:00,102.794,102.65,102.73,102.7899,158255
2014-06-18 15:45:00,102.82,102.73,102.79,102.77,297727
2014-06-18 15:50:00,102.83,102.71,102.77,102.7605,290617
2014-06-18 15:55:00,102.77,102.69,102.7601,102.7,356180
2014-06-18 16:00:00,102.76,102.69,102.7,102.72,498306
2014-06-19 09:35:00,102.75,102.5,102.61,102.52,184531
2014-06-19 09:40:00,102.57,102.4,102.525,102.563,66668
2014-06-19 09:45:00,102.69,102.55,102.56,102.6199,121141
2014-06-19 09:50:00,102.63,102.44,102.61,102.51,154533
2014-06-19 09:55:00,102.75,102.5,102.51,102.7,90413
2014-06-19 10:00:00,102.79,102.69,102.705,102.77,67333
2014-06-19 10:05:00,102.8,102.6,102.79,102.71,101769
2014-06-19 10:10:00,102.84,102.67,102.71,102.82,68083
2014-06-19 10:15:00,102.84,102.715,102.81,102.725,59645
2014-06-19 10:20:00,102.8,102.705,102.74,102.72,140726
2014-06-19 10:25:00,102.71,102.56,102.71,102.56,84231
2014-06-19 10:30:00,102.561,102.34,102.56,102.34,70869
2014-06-19 10:35:00,102.43,102.33,102.34,102.37,89353
2014-06-19 10:40:00,102.36,102.26,102.36,102.31,70245
2014-06-19 10:45:00,102.41,102.26,102.31,102.41,87648
2014-06-19 10:50:00,102.475,102.29,102.42,102.3,59961
2014-06-19 10:55:00,102.3,102.15,102.3,102.17,101450
2014-06-19 11:00:00,102.27,102.15,102.17,102.16,73513
2014-06-19 11:05:00,102.18,102.11,102.17,102.12,63534
2014-06-19 11:10:00,102.12,102.02,102.11,102.03,70916
2014-06-19 11:15:00,102.21,102.03,102.03,102.13,59128
2014-06-19 11:20:00,102.16,102.09,102.1202,102.09,56547
2014-06-19 11:25:00,102.11,102.01,102.09,102.01,67171
2014-06-19 11:30:00,102.11,102,102.01,102.07,81913
2014-06-19 11:35:00,102.1,102.05,102.07,102.06,62451
2014-06-19 11:40:00,102.079,102.03,102.05,102.036,76929
2014-06-19 11:45:00,102.04,102,102.03,102.02,74812
2014-06-19 11:50:00,102.04,101.93,102.02,101.95,89822
2014-06-19 11:55:00,101.9531,101.82,101.95,101.825,147037
2014-06-19 12:00:00,101.83,101.78,101.82,101.81,103204
2014-06-19 12:05:00,101.82,101.76,101.81,101.79,82787
2014-06-19 12:10:00,101.85,101.78,101.79,101.85,77606
2014-06-19 12:15:00,101.905,101.83,101.845,101.87,143564
2014-06-19 12:20:00,101.925,101.8629,101.8629,101.89,75621
2014-06-19 12:25:00,101.92,101.84,101.89,101.84,136273
2014-06-19 12:30:00,101.855,101.73,101.843,101.75,107367
2014-06-19 12:35:00,101.84,101.74,101.76,101.825,42418
2014-06-19 12:40:00,101.88,101.78,101.83,101.84,60635
2014-06-19 12:45:00,101.9,101.84,101.84,101.89,41712
2014-06-19 12:50:00,101.915,101.85,101.9,101.89,44795
2014-06-19 12:55:00,101.89,101.81,101.88,101.84,125796
2014-06-19 13:00:00,101.87,101.835,101.84,101.84,46331
2014-06-19 13:05:00,101.85,101.785,101.845,101.7999,54455
2014-06-19 13:10:00,101.85,101.785,101.79,101.85,56119
2014-06-19 13:15:00,101.86,101.7,101.85,101.71,187341
2014-06-19 13:20:00,101.73,101.685,101.71,101.71,87107
2014-06-19 13:25:00,101.745,101.7,101.71,101.735,62151
2014-06-19 13:30:00,101.76,101.72,101.75,101.735,92313
2014-06-19 13:35:00,101.8,101.73,101.74,101.795,95125
2014-06-19 13:40:00,101.8,101.76,101.8,101.77,72101
2014-06-19 13:45:00,101.78,101.76,101.77,101.765,83351
2014-06-19 13:50:00,101.8,101.76,101.7699,101.795,55822
2014-06-19 13:55:00,101.8,101.72,101.79,101.75,89157
2014-06-19 14:00:00,101.79,101.73,101.74,101.76,54737
2014-06-19 14:05:00,101.77,101.74,101.77,101.765,69238
2014-06-19 14:10:00,101.77,101.7,101.77,101.705,58819
2014-06-19 14:15:00,101.79,101.7,101.7,101.79,90249
2014-06-19 14:20:00,101.78,101.75,101.78,101.78,58564
2014-06-19 14:25:00,101.84,101.77,101.775,101.825,70956
2014-06-19 14:30:00,101.91,101.8,101.82,101.8025,101664
2014-06-19 14:35:00,101.8,101.71,101.8,101.71,85403
2014-06-19 14:40:00,101.73,101.68,101.72,101.725,80602
2014-06-19 14:45:00,101.8,101.72,101.7267,101.78,96454
2014-06-19 14:50:00,101.86,101.775,101.775,101.86,92030
2014-06-19 14:55:00,101.95,101.86,101.86,101.9,79515
2014-06-19 15:00:00,101.98,101.89,101.895,101.975,57456
2014-06-19 15:05:00,101.975,101.9,101.97,101.91,139139
2014-06-19 15:10:00,101.95,101.86,101.9,101.9169,118031
2014-06-19 15:15:00,101.98,101.9,101.915,101.97,101584
2014-06-19 15:20:00,102.09,101.97,101.97,102.07,124651
2014-06-19 15:25:00,102.18,102.05,102.07,102.125,104574
2014-06-19 15:30:00,102.145,102.07,102.125,102.09,79858
2014-06-19 15:35:00,102.13,102.055,102.09,102.13,99055
2014-06-19 15:40:00,102.28,102.12,102.12,102.27,183482
2014-06-19 15:45:00,102.44,102.25,102.275,102.42,267834
2014-06-19 15:50:00,102.43,102.3,102.42,102.38,289975
2014-06-19 15:55:00,102.42,102.34,102.38,102.41,229648
2014-06-19 16:00:00,102.67,102.409,102.41,102.63,999018
2014-06-20 09:35:00,103.28,102.94,103.28,103.23,5117490
2014-06-20 09:40:00,103.37,103.14,103.23,103.31,218350
2014-06-20 09:45:00,103.45,103.24,103.3,103.42,138887
2014-06-20 09:50:00,103.62,103.41,103.41,103.59,206409
2014-06-20 09:55:00,103.72,103.58,103.59,103.68,169925
2014-06-20 10:00:00,103.725,103.51,103.68,103.64,143929
2014-06-20 10:05:00,103.65,103.54,103.64,103.56,118404
2014-06-20 10:10:00,103.61,103.51,103.5601,103.54,81634
2014-06-20 10:15:00,103.66,103.51,103.55,103.614,92199
2014-06-20 10:20:00,103.66,103.55,103.61,103.61,78546
2014-06-20 10:25:00,103.69,103.59,103.63,103.64,87502
2014-06-20 10:30:00,103.65,103.53,103.65,103.5902,102368
2014-06-20 10:35:00,103.68,103.59,103.6,103.66,62852
2014-06-20 10:40:00,103.67,103.6,103.66,103.6,40728
2014-06-20 10:45:00,103.625,103.55,103.6048,103.585,68668
2014-06-20 10:50:00,103.61,103.537,103.58,103.537,72150
2014-06-20 10:55:00,103.64,103.535,103.54,103.61,59994
2014-06-20 11:00:00,103.72,103.605,103.605,103.67,70335
2014-06-20 11:05:00,103.715,103.63,103.67,103.69,61906
2014-06-20 11:10:00,103.73,103.64,103.69,103.68,75836
2014-06-20 11:15:00,103.8,103.68,103.68,103.79,86176
2014-06-20 11:20:00,103.81,103.745,103.79,103.75,59374
2014-06-20 11:25:00,103.793,103.75,103.76,103.78,50850
2014-06-20 11:30:00,103.7901,103.65,103.78,103.67,60336
2014-06-20 11:35:00,103.68,103.545,103.66,103.56,57578
2014-06-20 11:40:00,103.64,103.52,103.56,103.62,60557
2014-06-20 11:45:00,103.69,103.61,103.63,103.69,45815
2014-06-20 11:50:00,103.7,103.625,103.69,103.65,82620
2014-06-20 11:55:00,103.66,103.54,103.647,103.56,78679
2014-06-20 12:00:00,103.67,103.55,103.57,103.67,115314
2014-06-20 12:05:00,103.67,103.6,103.66,103.63,50831
2014-06-20 12:10:00,103.64,103.56,103.64,103.62,50383
2014-06-20 12:15:00,103.74,103.6101,103.62,103.727,53656
2014-06-20 12:20:00,103.79,103.73,103.74,103.79,42867
2014-06-20 12:25:00,103.83,103.66,103.79,103.72,74294
2014-06-20 12:30:00,103.85,103.7,103.71,103.83,62017
2014-06-20 12:35:00,103.88,103.83,103.83,103.8423,64205
2014-06-20 12:40:00,103.84,103.77,103.84,103.77,45403
2014-06-20 12:45:00,103.85,103.75,103.78,103.83,76603
2014-06-20 12:50:00,103.87,103.77,103.8365,103.84,51992
2014-06-20 12:55:00,103.86,103.81,103.84,103.82,58324
2014-06-20 13:00:00,103.84,103.69,103.83,103.73,72749
2014-06-20 13:05:00,103.81,103.7,103.73,103.715,50244
2014-06-20 13:10:00,103.79,103.7,103.71,103.79,50391
2014-06-20 13:15:00,103.89,103.78,103.79,103.87,94565
2014-06-20 13:20:00,103.89,103.78,103.87,103.79,75080
2014-06-20 13:25:00,103.81,103.7,103.785,103.715,74609
2014-06-20 13:30:00,103.78,103.71,103.715,103.78,37788
2014-06-20 13:35:00,103.815,103.78,103.78,103.81,69579
2014-06-20 13:40:00,103.82,103.79,103.81,103.81,59365
2014-06-20 13:45:00,103.91,103.8,103.8,103.86,110500
2014-06-20 13:50:00,103.87,103.79,103.86,103.83,57178
2014-06-20 13:55:00,103.91,103.82,103.82,103.91,61875
2014-06-20 14:00:00,103.94,103.9,103.91,103.93,99781
2014-06-20 14:05:00,103.96,103.88,103.93,103.89,117668
2014-06-20 14:10:00,103.93,103.865,103.89,103.9228,89386
2014-06-20 14:15:00,104,103.92,103.93,103.99,186276
2014-06-20 14:20:00,104,103.98,103.99,103.99,31401
2014-06-20 14:25:00,104.06,103.98,103.98,104.0535,164976
2014-06-20 14:30:00,104.06,104.01,104.05,104.03,49941
2014-06-20 14:35:00,104.04,103.98,104.03,104,121710
2014-06-20 14:40:00,104.01,103.9,104.01,103.945,69914
2014-06-20 14:45:00,103.945,103.875,103.9401,103.88,109306
2014-06-20 14:50:00,103.89,103.85,103.89,103.86,51526
2014-06-20 14:55:00,103.89,103.85,103.87,103.89,72049
2014-06-20 15:00:00,103.9699,103.88,103.89,103.96,117576
2014-06-20 15:05:00,103.98,103.89,103.96,103.89,67210
2014-06-20 15:10:00,103.93,103.865,103.89,103.91,81516
2014-06-20 15:15:00,103.96,103.915,103.92,103.94,65251
2014-06-20 15:20:00,103.96,103.93,103.93,103.94,75076
2014-06-20 15:25:00,103.95,103.91,103.94,103.92,122673
2014-06-20 15:30:00,103.93,103.88,103.93,103.89,103655
2014-06-20 15:35:00,103.98,103.89,103.89,103.94,179598
2014-06-20 15:40:00,103.95,103.9,103.93,103.94,138117
2014-06-20 15:45:00,103.96,103.86,103.94,103.86,177728
2014-06-20 15:50:00,103.88,103.74,103.86,103.79,318835
2014-06-20 15:55:00,103.82,103.78,103.78,103.81,398493
2014-06-20 16:00:00,103.96,103.81,103.81,103.9,671364
